sample,ASV,reads
AukeBayTest2_F_filt.fastq.gz,GGAAGTACAGCGGATGAGTAACCATAAAACTCGGAAAAAGCATCTGGTTCTT,4025
AukeBayTest3_F_filt.fastq.gz,GGAAGTACAGCGGATGAGTAACCATAAAACTCGGAAAAAGCATCTGGTTCTT,1209
AukeBayTest2_F_filt.fastq.gz,TGTTTATTAAAGCACTACTGTACTACGTCAGTATTAAAAATAGCCTACTCCT,993
AukeBayTest1_F_filt.fastq.gz,TGTTTATTAAAGCACTACTGTACTACGTCAGTATTAAAAATAGCCTACTCCT,677
AukeBayTest3_F_filt.fastq.gz,TGTTTATTAAAGCACTACTGTACTACGTCAGTATTAAAAATAGCCTACTCCT,451
AukeBayTest1_F_filt.fastq.gz,GCATGTTGTTGTACCACTGCATGAATGTCATCAGACAGACAGAGATCAACTT,210
AukeBayTest3_F_filt.fastq.gz,CTGGTCAGCGCCTTGAATGCAGATTGTTTAGGCCCTGTTGAATTGACGGTGG,161
AukeBayTest1_F_filt.fastq.gz,CAACAAGATGCGTCCGCGCCAGTAGAGGAACTCAGGCATCTGAATGAACTTG,155
AukeBayTest3_F_filt.fastq.gz,GTTGGCCCTGATAGTATAGAAGCATCTTTACCACGGCTCAAGCATTGGTTGG,144
AukeBayTest3_F_filt.fastq.gz,GCATGTTGTTGTACCACTGCATGAATGTCATCAGACAGACAGAGATCAACTT,103
AukeBayTest2_F_filt.fastq.gz,CCGATGGTTATCTTTACCTGGATTCTCAACTTCGGTGTACAGGGCACGGTGC,94
AukeBayTest2_F_filt.fastq.gz,GCATGTTGTTGTACCACTGCATGAATGTCATCAGACAGACAGAGATCAACTT,85
ExtractionBlank_F_filt.fastq.gz,GAACTCTGGACCTGTCGCATCTGGTTCTTACTTCAGGACCATAGATCGGAAG,43
AukeBayTest3_F_filt.fastq.gz,TCGAGATATCCTCGCATCGATGGCTTGCCTCGTAATTTATCCAGACGCCAGG,37
AukeBayTest3_F_filt.fastq.gz,GTCAACTGTAACTTTTTTGTTTGCTAAATCATCTGGTTCTTACTTCAGGACC,34
AukeBayTest3_F_filt.fastq.gz,GTTGGCCCTGATAGTATACAAGCATCTTTACCACGGCTCAAGTATTGGTTGG,34
AukeBayTest1_F_filt.fastq.gz,CTGCCGTAAACTTGTCAGTCATTACTTACGCTTTGCTGCTCTTGCATCTGCT,29
AukeBayTest2_F_filt.fastq.gz,GAACTCTGGACCTGTCGCATCTGGTTCTTACTTCAGGACCATAGATCGGAAG,25
AukeBayTest3_F_filt.fastq.gz,CCGATGGTTATCTTTACCTGGATTCTCAACTTTGGTGTTCAGGGCACGGTGC,21
AukeBayTest3_F_filt.fastq.gz,TGACCAATTCCACATACATCCTCAAATGGTCGGAACCTCAATGACTCGGTTC,20
AukeBayTest1_F_filt.fastq.gz,CCGATGGTTATATTTACTTGGATTCTCAACTTTGGTGTACAGGGCACGGTGC,12
AukeBayTest1_F_filt.fastq.gz,AATAATTCCCATATCGGCCACTATTTTAGGGTCATCTGGTTCTTACTTCAGG,10
AukeBayTest2_F_filt.fastq.gz,GTCAACTGTAACTTTTTTGTTTGCTAAATCATCTGGTTCTTACTTCAGGACC,10
AukeBayTest3_F_filt.fastq.gz,CTGCGGTATACTTGTCAGTCATTACTTACGCTTTGCTGCTCTTGCATCTGCT,10
AukeBayTest2_F_filt.fastq.gz,CAACAAGATGCGTCCGCGCCAGTAGAGGAACTCAGGCATCTGAATGAACTTG,8
AukeBayTest3_F_filt.fastq.gz,CAACAAGATGCGTCCGCGCCAGTAGAGGAACTCAGGCATCTGAATGAACTTG,4
AukeBayTest3_F_filt.fastq.gz,TGCCTTTACAGTTTCTTCTGTTAATGCTACTTCAGCTCTACCACTTAAAAGC,3
AukeBayTest1_F_filt.fastq.gz,GGAAGTACAGCGGATGAGTAACCATAAAACTCGGAAAAAGCATCTGGTTCTT,2
AukeBayTest3_F_filt.fastq.gz,TAACCTAACTTATCTGGTTGAGTGCTTAGGTAGGTGATGTTATATTGATAGT,2
